Type,ActivityID,Status
UAT,UAT001_R2R_100,Not Started
UAT,UAT001_R2R_101,Not Started
UAT,UAT001_R2R_102,Not Started
UAT,UAT001_R2R_103,Not Started
UAT,UAT001_R2R_104,Not Started
UAT,UAT001_R2R_105,Not Started
UAT,UAT001_R2R_106,Not Started
UAT,UAT002_REFX_100,Not Started
UAT,UAT002_REFX_101,Not Started
UAT,UAT002_REFX_102,Not Started
UAT,UAT002_REFX_103,Not Started
UAT,UAT002_REFX_300,Not Started
UAT,UAT003_REFX_203,Not Started
UAT,UAT003_REFX_207,Not Started
UAT,UAT004_R2R_108,Not Started
UAT,UAT004_R2R_109,Not Started
UAT,UAT004_R2R_110,Not Started
UAT,UAT005_P2F_100,Not Started
UAT,UAT005_P2F_101,Not Started
UAT,UAT005_P2F_102,Not Started
UAT,UAT005_P2F_103,Not Started
UAT,UAT005_P2F_104,Not Started
UAT,UAT005_P2F_105,Not Started
UAT,UAT005_P2F_106,Not Started
UAT,UAT006_REFX_201,Not Started
UAT,UAT006_REFX_205,Not Started
UAT,UAT006_REFX_210,Not Started
UAT,UAT006_REFX_211,Not Started
UAT,UAT006_REFX_212,Not Started
UAT,UAT006_REFX_213,Not Started
UAT,UAT006_REFX_301,Not Started
UAT,UAT006_REFX_302,Not Started
UAT,UAT006_REFX_304,Not Started
UAT,UAT007_P2P_100,Not Started
UAT,UAT007_P2P_101,Not Started
UAT,UAT007_P2P_102,Not Started
UAT,UAT007_P2P_103,Not Started
UAT,UAT007_P2P_104,Not Started
UAT,UAT008_P2F_200,Not Started
UAT,UAT008_P2F_201,Not Started
UAT,UAT009_R2R_200,Not Started
UAT,UAT009_R2R_201,Not Started
UAT,UAT009_R2R_202,Not Started
UAT,UAT009_R2R_203,Not Started
UAT,UAT009_R2R_204,Not Started
UAT,UAT009_R2R_205,Not Started
UAT,UAT010_R2R_206,Not Started
UAT,UAT010_R2R_207,Not Started
UAT,UAT010_R2R_208,Not Started
UAT,UAT011_REFX_200,Not Started
UAT,UAT011_REFX_204,Not Started
UAT,UAT011_REFX_208,Not Started
UAT,UAT012_E2E_201,Not Started
UAT,UAT012_E2E_202,Not Started
UAT,UAT013_R&D_100,Not Started
UAT,UAT013_R&D_101,Not Started
UAT,UAT013_R&D_102,Not Started
UAT,UAT013_R&D_103,Not Started
UAT,UAT013_R&D_104,Not Started
UAT,UAT013_R&D_105,Not Started
UAT,UAT014_C&DM_100,Not Started
UAT,UAT014_C&DM_101,Not Started
UAT,UAT014_C&DM_102,Not Started
UAT,UAT014_C&DM_103,Not Started
UAT,UAT014_C&DM_104,Not Started
UAT,UAT014_C&DM_105,Not Started
UAT,UAT015_P2C_100,Not Started
UAT,UAT015_P2C_102,Not Started
UAT,UAT016_R&D_106,Not Started
UAT,UAT016_R&D_107,Not Started
UAT,UAT016_R&D_108,Not Started
UAT,UAT016_R&D_109,Not Started
UAT,UAT016_R&D_110,Not Started
UAT,UAT017_P2F_300,Not Started
UAT,UAT017_P2F_301,Not Started
UAT,UAT017_P2F_302,Not Started
UAT,UAT017_P2F_303,Not Started
UAT,UAT018_R2R_220,Not Started
UAT,UAT018_R2R_221,Not Started
UAT,UAT018_R2R_222,Not Started
UAT,UAT018_R2R_223,Not Started
UAT,UAT019_C&DM_200,Not Started
UAT,UAT019_C&DM_201,Not Started
UAT,UAT019_C&DM_202,Not Started
UAT,UAT019_C&DM_203,Not Started
UAT,UAT020_P2F_303,Not Started
UAT,UAT020_P2F_304,Not Started
UAT,UAT020_P2F_305,Not Started
UAT,UAT020_P2F_306,Not Started
UAT,UAT021_P2P_200,Not Started
UAT,UAT021_P2P_201,Not Started
UAT,UAT021_P2P_202,Not Started
UAT,UAT021_P2P_203,Not Started
UAT,UAT022_C&DM_204,Not Started
UAT,UAT022_C&DM_205,Not Started
UAT,UAT022_C&DM_206,Not Started
UAT,UAT022_C&DM_207,Not Started
UAT,UAT023_R2R_224,Not Started
UAT,UAT023_R2R_225,Not Started
UAT,UAT023_R2R_226,Not Started
UAT,UAT023_R2R_227,Not Started
UAT,UAT024_R&D_200,Not Started
UAT,UAT024_R&D_201,Not Started
UAT,UAT024_R&D_202,Not Started
UAT,UAT024_R&D_203,Not Started
UAT,UAT024_R&D_204,Not Started
UAT,UAT025_R&D_205,Not Started
UAT,UAT025_R&D_206,Not Started
UAT,UAT025_R&D_207,Not Started
UAT,UAT025_R&D_208,Not Started
UAT,UAT026_REFX_202,Not Started
UAT,UAT026_REFX_206,Not Started
UAT,UAT026_REFX_209,Not Started
UAT,UAT026_REFX_303,Not Started
UAT,UAT027_P2C_200,Not Started
UAT,UAT027_P2C_201,Not Started
UAT,UAT028_R&D_300,Not Started
UAT,UAT028_R&D_301,Not Started
UAT,UAT029_C&DM_300,Not Started
UAT,UAT029_C&DM_301,Not Started
UAT,UAT029_C&DM_302,Not Started
UAT,UAT029_C&DM_303,Not Started
UAT,UAT029_C&DM_303,Not Started
UAT,UAT030_P2P_204,Not Started
UAT,UAT030_P2P_205,Not Started
UAT,UAT030_P2P_206,Not Started
UAT,UAT031_C&DM_204,Not Started
UAT,UAT031_C&DM_205,Not Started
UAT,UAT031_C&DM_206,Not Started
UAT,UAT031_C&DM_207,Not Started
UAT,UAT032_R2R_209,Not Started
UAT,UAT032_R2R_210,Not Started
UAT,UAT032_R2R_211,Not Started
UAT,UAT032_R2R_212,Not Started
UAT,UAT032_R2R_213,Not Started
UAT,UAT032_R2R_214,Not Started
UAT,UAT033_E2E_201,Not Started
UAT,UAT033_E2E_202,Not Started
UAT,UAT034_R&D_500,Not Started
UAT,UAT035_R2R_215,Not Started
UAT,UAT035_R2R_216,Not Started
UAT,UAT035_R2R_217,Not Started
UAT,UAT035_R2R_218,Not Started
UAT,UAT035_R2R_219,Not Started
UAT,UAT036_C&DM_400,Not Started
UAT,UAT036_C&DM_401,Not Started
UAT,UAT036_C&DM_402,Not Started
UAT,UAT036_C&DM_403,Not Started
UAT,UAT036_C&DM_404,Not Started
UAT,UAT036_C&DM_405,Not Started
UAT,UAT037_P2C_300,Not Started
UAT,UAT037_P2C_302,Not Started
UAT,UAT037_P2C_303,Not Started
UAT,UAT038_P2P_207,Not Started
UAT,UAT038_P2P_208,Not Started
UAT,UAT038_P2P_209,Not Started
UAT,UAT038_P2P_210,Not Started
UAT,UAT039_REFX_400,Not Started
UAT,UAT039_REFX_401,Not Started
UAT,UAT039_REFX_402,Not Started
UAT,UAT039_REFX_403,Not Started
UAT,UAT039_REFX_404,Not Started
UAT,UAT039_REFX_405,Not Started
UAT,UAT039_REFX_406,Not Started
UAT,UAT040_R&D_400,Not Started
UAT,UAT041_P2F_500,Not Started
UAT,UAT041_P2F_501,Not Started
UAT,UAT041_P2F_502,Not Started
UAT,UAT041_P2F_503,Not Started
UAT,UAT042_C&DM_406,Not Started
UAT,UAT042_C&DM_407,Not Started
UAT,UAT042_C&DM_408,Not Started
UAT,UAT042_C&DM_409,Not Started
UAT,UAT042_C&DM_410,Not Started
UAT,UAT042_C&DM_411,Not Started
UAT,UAT043_R2R_250,Not Started
UAT,UAT043_R2R_251,Not Started
UAT,UAT043_R2R_252,Not Started
UAT,UAT043_R2R_253,Not Started
UAT,UAT043_R2R_254,Not Started
UAT,UAT044_P2F_504,Not Started
UAT,UAT044_P2F_505,Not Started
UAT,UAT044_P2F_506,Not Started
UAT,UAT045_P2P_211,Not Started
UAT,UAT045_P2P_212,Not Started
UAT,UAT045_P2P_213,Not Started
UAT,UAT045_P2P_214,Not Started
UAT,UAT046_R2R_255,Not Started
UAT,UAT046_R2R_256,Not Started
UAT,UAT046_R2R_257,Not Started
UAT,UAT046_R2R_258,Not Started
UAT,UAT047_R&D_300,Not Started
UAT,UAT047_R&D_301,Not Started
UAT,UAT048_C&DM_500,Not Started
UAT,UAT048_C&DM_501,Not Started
UAT,UAT049_P2F_600,Not Started
UAT,UAT049_P2F_601,Not Started
UAT,UAT049_P2F_602,Not Started
UAT,UAT049_P2F_603,Not Started
UAT,UAT049_P2F_604,Not Started
UAT,UAT049_P2F_605,Not Started
UAT,UAT049_P2F_606,Not Started
UAT,UAT049_P2F_607,Not Started
UAT,UAT049_P2F_608,Not Started
UAT,UAT049_P2F_609,Not Started
UAT,UAT049_P2F_610,Not Started
UAT,UAT050_P2P_215,Not Started
UAT,UAT050_P2P_216,Not Started
UAT,UAT050_P2P_217,Not Started
UAT,UAT050_P2P_218,Not Started
UAT,UAT051_R2R_300,Not Started
UAT,UAT051_R2R_301,Not Started
UAT,UAT051_R2R_302,Not Started
UAT,UAT051_R2R_303,Not Started
UAT,UAT051_R2R_304,Not Started
UAT,UAT052_P2C_400,Not Started
UAT,UAT052_P2C_401,Not Started
UAT,UAT052_P2C_402,Not Started
UAT,UAT053_C&DM_600,Not Started
UAT,UAT053_C&DM_601,Not Started
UAT,UAT053_C&DM_602,Not Started
UAT,UAT053_C&DM_603,Not Started
UAT,UAT054_R2R_305,Not Started
UAT,UAT054_R2R_306,Not Started
UAT,UAT054_R2R_307,Not Started
UAT,UAT054_R2R_308,Not Started
UAT,UAT055_P2F_700,Not Started
UAT,UAT055_P2F_701,Not Started
UAT,UAT055_P2F_702,Not Started
UAT,UAT056_C&DM_604,Not Started
UAT,UAT056_C&DM_605,Not Started
UAT,UAT056_C&DM_606,Not Started
UAT,UAT056_C&DM_607,Not Started
UAT,UAT057_P2P_300i,Not Started
UAT,UAT057_P2P_300,Not Started
UAT,UAT057_P2P_302,Not Started
UAT,UAT057_P2P_400i,Not Started
UAT,UAT057_P2P_400,Not Started
UAT,UAT057_P2P_401,Not Started
UAT,UAT057_P2P_402,Not Started
UAT,UAT058_R2R_400,Not Started
UAT,UAT058_R2R_401,Not Started
UAT,UAT058_R2R_402,Not Started
UAT,UAT058_R2R_403,Not Started
UAT,UAT058_R2R_404,Not Started
UAT,UAT059_P2F_800i,Not Started
UAT,UAT059_P2F_800,Not Started
UAT,UAT059_P2F_801,Not Started
UAT,UAT059_P2F_802,Not Started
UAT,UAT059_P2F_803,Not Started
UAT,UAT059_P2F_900i,Not Started
UAT,UAT059_P2F_900,Not Started
UAT,UAT059_P2F_901,Not Started
UAT,UAT060_C&DM_608,Not Started
UAT,UAT060_C&DM_609,Not Started
UAT,UAT060_C&DM_610,Not Started
EUT,EUT001_S0012,Not Started
EUT,EUT001_S0013,Delayed
EUT,EUT001_S0014,In Progress
EUT,EUT001_S0015,Completed - Pass
EUT,EUT001_S0016,Completed - with acceptable fail
EUT,EUT001_S0017,Pending failure resolution
EUT,EUT001_S0018,Completed - Pass after resolution
EUT,EUT001_S0019,Not Started
EUT,EUT001_S0020,Not Started
EUT,EUT001_S0021,Not Started
EUT,EUT001_S0022,Not Started
EUT,EUT001_S0023,Not Started
EUT,EUT001_S0024,Not Started
EUT,EUT001_S0025,Not Started
EUT,EUT001_S0026,Not Started
EUT,EUT001_S0027,Not Started
EUT,EUT001_S0028,Not Started
EUT,EUT001_S0029,Not Started
EUT,EUT002_S0017,Not Started
EUT,EUT002_S0018,Not Started
EUT,EUT002_S0019,Not Started
EUT,EUT002_S0020,Not Started
EUT,EUT002_S0021,Not Started
EUT,EUT002_S0022,Not Started
EUT,EUT002_S0023,Not Started
EUT,EUT002_S0024,Not Started
EUT,EUT002_S0025,Not Started
EUT,EUT002_S0026,Not Started
EUT,EUT002_S0027,Not Started
EUT,EUT002_S0028,Not Started
EUT,EUT002_S0029,Not Started
EUT,EUT003_S0016,Not Started
EUT,EUT003_S0017,Not Started
EUT,EUT003_S0018,Not Started
EUT,EUT003_S0019,Not Started
EUT,EUT004_S0012,Not Started
EUT,EUT004_S0013,Not Started
EUT,EUT004_S0014,Not Started
EUT,EUT004_S0015,Not Started
EUT,EUT004_S0016,Not Started
EUT,EUT004_S0017,Not Started
EUT,EUT004_S0018,Not Started
EUT,EUT004_S0019,Not Started
EUT,EUT005_S0008,Not Started
EUT,EUT005_S0009,Not Started
EUT,EUT005_S0010,Not Started
EUT,EUT005_S0011,Not Started
EUT,EUT005_S0012,Not Started
EUT,EUT005_S0013,Not Started
EUT,EUT005_S0014,Not Started
EUT,EUT005_S0015,Not Started
EUT,EUT005_S0016,Not Started
EUT,EUT005_S0017,Not Started
EUT,EUT005_S0018,Not Started
EUT,EUT005_S0019,Not Started
EUT,EUT006_S0020,Not Started
EUT,EUT006_S0021,Not Started
EUT,EUT006_S0022,Not Started
EUT,EUT006_S0023,Not Started
EUT,EUT006_S0024,Not Started
EUT,EUT006_S0025,Not Started
EUT,EUT006_S0026,Not Started
EUT,EUT006_S0027,Not Started
EUT,EUT006_S0028,Not Started
EUT,EUT006_S0029,Not Started
EUT,EUT009_S0016,Not Started
EUT,EUT009_S0017,Not Started
EUT,EUT009_S0018,Not Started
EUT,EUT009_S0019,Not Started
EUT,EUT010_S0007,Not Started
EUT,EUT010_S0008,Not Started
EUT,EUT010_S0009,Not Started
EUT,EUT010_S0010,Not Started
EUT,EUT010_S0011,Not Started
EUT,EUT010_S0012,Not Started
EUT,EUT010_S0013,Not Started
EUT,EUT010_S0014,Not Started
EUT,EUT010_S0015,Not Started
EUT,EUT010_S0016,Not Started
EUT,EUT010_S0017,Not Started
EUT,EUT010_S0018,Not Started
EUT,EUT010_S0019,Not Started
EUT,EUT011_S0018,Not Started
EUT,EUT011_S0019,Not Started
EUT,EUT012_S0017,Not Started
EUT,EUT012_S0018,Not Started
EUT,EUT012_S0019,Not Started
EUT,EUT013_S0016,Not Started
EUT,EUT013_S0017,Not Started
EUT,EUT013_S0018,Not Started
EUT,EUT013_S0019,Not Started
EUT,EUT014_S0013,Not Started
EUT,EUT014_S0014,Not Started
EUT,EUT014_S0015,Not Started
EUT,EUT014_S0016,Not Started
EUT,EUT014_S0017,Not Started
EUT,EUT014_S0018,Not Started
EUT,EUT014_S0019,Not Started
EUT,EUT015_S0010,Not Started
EUT,EUT015_S0011,Not Started
EUT,EUT015_S0012,Not Started
EUT,EUT015_S0013,Not Started
EUT,EUT015_S0014,Not Started
EUT,EUT015_S0015,Not Started
EUT,EUT015_S0016,Not Started
EUT,EUT015_S0017,Not Started
EUT,EUT015_S0018,Not Started
EUT,EUT015_S0019,Not Started
EUT,EUT016_S0011,Not Started
EUT,EUT016_S0012,Not Started
EUT,EUT016_S0013,Not Started
EUT,EUT016_S0014,Not Started
EUT,EUT016_S0015,Not Started
EUT,EUT016_S0016,Not Started
EUT,EUT016_S0017,Not Started
EUT,EUT016_S0018,Not Started
EUT,EUT016_S0019,Not Started
EUT,EUT017_S0016,Not Started
EUT,EUT017_S0017,Not Started
EUT,EUT017_S0018,Not Started
EUT,EUT017_S0019,Not Started
EUT,EUT017_S0020,Not Started
EUT,EUT018_S0008,Not Started
EUT,EUT018_S0009,Not Started
EUT,EUT018_S0010,Not Started
EUT,EUT018_S0011,Not Started
EUT,EUT018_S0012,Not Started
EUT,EUT018_S0013,Not Started
EUT,EUT018_S0014,Not Started
EUT,EUT018_S0015,Not Started
EUT,EUT018_S0016,Not Started
EUT,EUT018_S0017,Not Started
EUT,EUT018_S0018,Not Started
EUT,EUT018_S0019,Not Started
EUT,EUT020_S0009,Not Started
EUT,EUT020_S0010,Not Started
EUT,EUT020_S0011,Not Started
EUT,EUT020_S0012,Not Started
EUT,EUT020_S0013,Not Started
EUT,EUT020_S0014,Not Started
EUT,EUT020_S0015,Not Started
EUT,EUT022_S0008,Not Started
EUT,EUT022_S0009,Not Started
EUT,EUT022_S0010,Not Started
EUT,EUT022_S0011,Not Started
EUT,EUT022_S0012,Not Started
EUT,EUT022_S0013,Not Started
EUT,EUT022_S0014,Not Started
EUT,EUT022_S0015,Not Started
EUT,EUT022_S0016,Not Started
EUT,EUT022_S0017,Not Started
EUT,EUT022_S0018,Not Started
EUT,EUT022_S0019,Not Started
EUT,EUT024_S0016,Not Started
EUT,EUT024_S0017,Not Started
EUT,EUT024_S0018,Not Started
EUT,EUT024_S0019,Not Started
EUT,EUT026_S0016,Not Started
EUT,EUT026_S0017,Not Started
EUT,EUT026_S0018,Not Started
EUT,EUT026_S0019,Not Started
EUT,EUT027_S0018,Not Started
EUT,EUT027_S0019,Not Started
EUT,EUT028_S0008,Not Started
EUT,EUT028_S0009,Not Started
EUT,EUT028_S0010,Not Started
EUT,EUT028_S0011,Not Started
EUT,EUT028_S0012,Not Started
EUT,EUT028_S0013,Not Started
EUT,EUT028_S0014,Not Started
EUT,EUT028_S0015,Not Started
EUT,EUT028_S0016,Not Started
EUT,EUT028_S0017,Not Started
EUT,EUT028_S0018,Not Started
EUT,EUT028_S0019,Not Started
EUT,EUT029_S0020,Not Started
EUT,EUT029_S0021,Not Started
EUT,EUT029_S0022,Not Started
EUT,EUT029_S0023,Not Started
EUT,EUT029_S0024,Not Started
EUT,EUT029_S0025,Not Started
EUT,EUT029_S0026,Not Started
EUT,EUT029_S0027,Not Started
EUT,EUT029_S0028,Not Started
EUT,EUT029_S0029,Not Started
EUT,EUT030_S0016,Not Started
EUT,EUT030_S0017,Not Started
EUT,EUT030_S0018,Not Started
EUT,EUT030_S0019,Not Started
EUT,EUT031_S0016,Not Started
EUT,EUT031_S0017,Not Started
EUT,EUT031_S0018,Not Started
EUT,EUT031_S0019,Not Started
EUT,EUT032_S0018,Not Started
EUT,EUT032_S0019,Not Started
EUT,EUT033_S0010,Not Started
EUT,EUT033_S0011,Not Started
EUT,EUT033_S0012,Not Started
EUT,EUT033_S0013,Not Started
EUT,EUT033_S0014,Not Started
EUT,EUT033_S0015,Not Started
EUT,EUT033_S0016,Not Started
EUT,EUT033_S0017,Not Started
EUT,EUT033_S0018,Not Started
EUT,EUT033_S0019,Not Started
EUT,EUT036_S0015,Not Started
EUT,EUT036_S0016,Not Started
EUT,EUT036_S0017,Not Started
EUT,EUT036_S0018,Not Started
EUT,EUT036_S0019,Not Started
EUT,EUT037_S0008,Not Started
EUT,EUT037_S0009,Not Started
EUT,EUT037_S0010,Not Started
EUT,EUT037_S0011,Not Started
EUT,EUT037_S0012,Not Started
EUT,EUT037_S0013,Not Started
EUT,EUT037_S0014,Not Started
EUT,EUT037_S0015,Not Started
EUT,EUT037_S0016,Not Started
EUT,EUT037_S0017,Not Started
EUT,EUT037_S0018,Not Started
EUT,EUT037_S0019,Not Started
EUT,EUT038_S0010,Not Started
EUT,EUT038_S0011,Not Started
EUT,EUT038_S0012,Not Started
EUT,EUT038_S0013,Not Started
EUT,EUT038_S0014,Not Started
EUT,EUT038_S0015,Not Started
EUT,EUT038_S0016,Not Started
EUT,EUT039_S0014,Not Started
EUT,EUT039_S0015,Not Started
EUT,EUT039_S0016,Not Started
EUT,EUT039_S0017,Not Started
EUT,EUT039_S0018,Not Started
EUT,EUT039_S0019,Not Started
EUT,EUT040_S0010,Not Started
EUT,EUT040_S0011,Not Started
EUT,EUT040_S0012,Not Started
EUT,EUT040_S0013,Not Started
EUT,EUT040_S0014,Not Started
EUT,EUT040_S0015,Not Started
EUT,EUT040_S0016,Not Started
EUT,EUT041_S0011,Not Started
EUT,EUT041_S0012,Not Started
EUT,EUT041_S0013,Not Started
EUT,EUT041_S0014,Not Started
EUT,EUT041_S0015,Not Started
EUT,EUT041_S0016,Not Started
EUT,EUT041_S0017,Not Started
EUT,EUT041_S0018,Not Started
EUT,EUT041_S0019,Not Started
EUT,EUT042_S0007,Not Started
EUT,EUT042_S0008,Not Started
EUT,EUT042_S0009,Not Started
EUT,EUT042_S0010,Not Started
EUT,EUT042_S0011,Not Started
EUT,EUT042_S0012,Not Started
EUT,EUT043_S0012,Not Started
EUT,EUT043_S0013,Not Started
EUT,EUT043_S0014,Not Started
EUT,EUT043_S0015,Not Started
EUT,EUT043_S0016,Not Started
EUT,EUT043_S0017,Not Started
EUT,EUT044_S0016,Not Started
EUT,EUT044_S0017,Not Started
EUT,EUT044_S0018,Not Started
EUT,EUT044_S0019,Not Started
EUT,EUT045_S0016,Not Started
EUT,EUT045_S0017,Not Started
EUT,EUT045_S0018,Not Started
EUT,EUT045_S0019,Not Started
EUT,EUT046_S0016,Not Started
EUT,EUT046_S0017,Not Started
EUT,EUT046_S0018,Not Started
EUT,EUT046_S0019,Not Started
EUT,EUT047_S0016,Not Started
EUT,EUT047_S0017,Not Started
EUT,EUT047_S0018,Not Started
EUT,EUT047_S0019,Not Started
EUT,EUT049_S0007,Not Started
EUT,EUT049_S0008,Not Started
EUT,EUT049_S0009,Not Started
EUT,EUT049_S0010,Not Started
EUT,EUT049_S0011,Not Started
EUT,EUT049_S0012,Not Started
EUT,EUT049_S0013,Not Started
EUT,EUT049_S0014,Not Started
EUT,EUT049_S0015,Not Started
EUT,EUT049_S0016,Not Started
EUT,EUT049_S0017,Not Started
EUT,EUT050_S0012,Not Started
EUT,EUT050_S0013,Not Started
EUT,EUT050_S0014,Not Started
EUT,EUT050_S0015,Not Started
EUT,EUT050_S0016,Not Started
EUT,EUT050_S0017,Not Started
EUT,EUT050_S0018,Not Started
EUT,EUT050_S0019,Not Started
EUT,EUT051_S0012,Not Started
EUT,EUT051_S0013,Not Started
EUT,EUT051_S0014,Not Started
EUT,EUT051_S0015,Not Started
EUT,EUT051_S0016,Not Started
EUT,EUT051_S0017,Not Started
EUT,EUT051_S0018,Not Started
EUT,EUT051_S0019,Not Started
EUT,EUT052_S0010,Not Started
EUT,EUT052_S0011,Not Started
EUT,EUT052_S0012,Not Started
EUT,EUT052_S0013,Not Started
EUT,EUT052_S0014,Not Started
EUT,EUT052_S0015,Not Started
EUT,EUT052_S0016,Not Started
EUT,EUT052_S0017,Not Started
EUT,EUT052_S0018,Not Started
EUT,EUT052_S0019,Not Started
EUT,EUT054_S0006,Not Started
EUT,EUT054_S0007,Not Started
EUT,EUT054_S0008,Not Started
EUT,EUT054_S0009,Not Started
EUT,EUT054_S0010,Not Started
EUT,EUT054_S0011,Not Started
EUT,EUT054_S0012,Not Started
EUT,EUT055_S0009,Not Started
EUT,EUT055_S0010,Not Started
EUT,EUT055_S0011,Not Started
EUT,EUT055_S0012,Not Started
EUT,EUT055_S0013,Not Started
EUT,EUT055_S0014,Not Started
EUT,EUT055_S0015,Not Started
EUT,EUT055_S0016,Not Started
EUT,EUT056_S0008,Not Started
EUT,EUT056_S0009,Delayed
EUT,EUT056_S0010,In Progress
EUT,EUT056_S0011,Completed - Pass
EUT,EUT056_S0012,Completed - with acceptable fail
EUT,EUT056_S0013,Pending failure resolution
EUT,EUT056_S0014,Completed - Pass after resolution
